name,email,phone
Rosario Arenas Iriarte,a,2
Miguela Valcárcel Tapia,demetriovillalonga@example.com,+34 925 925 664
Amador Puerta Calderón,inigorosa@example.org,+34 973 540 176
Odalys Alsina Martin,marcelo95@example.org,+34 831 648 486
Marciano Vendrell Tejera,josepsarmiento@example.org,+34 828 252 958
Ana Sofía Arévalo Moliner,quique58@example.com,+34 988 146 896
Melania Echeverría,carbonelljulia@example.org,+34 828 648 417
Herminio Escolano-Téllez,maria-jesuslerma@example.org,+34 837 851 329
Armida Valdés Diaz,ssalinas@example.org,+34 901 358 071
Alba Díez Barreda,ricoodalys@example.com,+34 979 559 698
Mateo Baquero Marqués,leoncio58@example.net,+34 876 149 170
Gisela Alemany-Garrido,vizcainopiedad@example.org,+34 846 077 753
Amada Ema Aller Requena,varregui@example.org,+34 959 531 486
Olga Aliaga-Moll,inigo48@example.org,+34 983 575 408
Eliseo Montaña Lobato,ucordero@example.org,+34 824 470 436
Alberto Llopis Guillen,batallaines@example.net,+34 949 651 669
Rosaura Tejero,agustinselena@example.org,+34 884 696 063
Modesta Santos Sosa,reyesamigo@example.org,+34 974 764 523
Flavio Gregorio Alberto Millán,cintiavallejo@example.net,+34 927 535 365
Gastón Epifanio Novoa Ripoll,torrentstamara@example.org,+34 986 654 877
Marta Requena Arévalo,jordanalbert@example.org,+34 875 660 505
Natalio del Pou,roignarciso@example.net,+34 878 387 398
María Del Carmen Lago-Luján,nuria66@example.com,+34 872 551 589
Pepe Izquierdo Hoyos,vidalluna@example.net,+34 944 467 775
Dora Vilaplana Castejón,wmiranda@example.com,+34 949 003 982
Trini Leal Amat,jescalona@example.net,+34 972 655 081
Evaristo de Sebastián,nerea17@example.org,+34 807 815 738
Teodoro Esparza Abril,pfortuny@example.net,+34 868 808 060
Obdulia Arranz Estrada,cruzseveriano@example.com,+34 980 184 465
Atilio Mariscal Arnaiz,murcialeyre@example.com,+34 954 900 249
Patricia Molins Verdejo,vsaavedra@example.com,+34 978 358 936
Nando de Giralt,gualheraclio@example.org,+34 834 119 498
Lorenzo Sans Cáceres,celestino98@example.net,+34 822 251 545
Natividad Barrena Carbó,mendezmaria-jesus@example.com,+34 823 055 481
Iván Rodríguez Posada,ddavila@example.com,+34 872 222 800
Alberto Mate,cerdaana@example.com,+34 881 716 191
Anacleto Hoz,wsalmeron@example.net,+34 976 394 300
Bonifacio Santana-Marin,guillennidia@example.com,+34 978 558 810
Ramón del Noriega,landaainara@example.com,+34 800 806 081
Celestina Pulido Navarrete,leonardogalvez@example.org,+34 807 740 661
Pacífica del Román,dgoni@example.net,+34 879 564 182
Jacobo Fabricio Marquez Santamaría,brigidaotero@example.net,+34 982 785 818
Nerea Mesa Barriga,emperatrizplana@example.com,+34 885 510 660
Octavio Bertrán Soriano,test,+34 949 723 126
Gisela Dominguez-Calderon,bautistaadoracion@example.com,+34 902 143 320
Rufina Bru-Roldán,calvetperlita@example.net,+34 848 024 313
Adolfo Francisco,berta59@example.com,+34 946 485 185
María Cristina Chico Serna,duartepaulina@example.com,+34 883 237 005
Alondra Piña Velasco,teodoroolivera@example.org,+34 943 595 058
Florina Murillo Moraleda,recioporfirio@example.net,+34 709 359 267
Lorena Gallego Lopez,lucas58@example.net,+34 748 172 162
Asunción Peñas Pintor,falcoesther@example.com,+34 820 639 429
Aránzazu Bonet Jáuregui,corneliofuertes@example.net,+34 965 797 486
Cebrián Paniagua Iborra,adolfo89@example.com,+34 971 558 740
Álvaro Gargallo-Alberdi,dbadia@example.com,+34 844 549 089
Abel Suárez Miralles,hola,+34 981 671 666
Gastón Tur Varela,begona59@example.net,+34 988 260 871
Odalis Nogueira Prat,apolinaralfonso@example.net,+34 827 123 639
Ruben Perea Marín,acobo@example.org,+34 887 812 293
Alex Ródenas Llanos,faustinolluch@example.net,+34 945 952 799
Mar Pedrosa Agudo,rmateo@example.net,+34 980 480 688
Sebastian Guerrero Tena,german87@example.com,+34 880 579 648
Micaela Javiera Barroso Pavón,marinobernardino@example.com,+34 885 653 281
Anacleto Correa Perales,isevilla@example.net,+34 978 608 421
Clímaco de Solera,maria-del-carmen93@example.com,+34 924 786 207
Baldomero Guitart Gonzalez,estebancortes@example.com,+34 841 995 079
Telmo Pagès Marquez,nicolasahernandez@example.org,+34 988 987 539
Águeda Santana Falcón,fabiola47@example.com,+34 738 838 676
Samu Parejo-Casal,edelmiramayoral@example.com,+34 858 931 840
Olga Canales Corominas,piocastrillo@example.org,+34 803 827 218
Yésica Lobato-Tur,tomericardo@example.net,+34 834 360 966
Virginia Mena Santiago,alvaro08@example.net,+34 820 624 021
Lourdes Falcó Aguilar,pedrodebora@example.org,+34 927 023 197
Adora Julia Tena Madrid,feliuabilio@example.com,+34 878 404 917
Urbano de Grande,dbellido@example.com,+34 988 008 456
Anita Cerezo Manuel,esthersuarez@example.net,+34 948 777 164
Candelas Gibert Arjona,ztrillo@example.org,+34 979 173 775
Rufina de Medina,znicolau@example.com,+34 849 539 379
Horacio Becerra Barros,casensio@example.net,+34 733 518 092
Cornelio Matas Morante,catalinagracia@example.com,+34 972 307 038
Eric Prats Lamas,solerjose-mari@example.net,+34 976 893 389
Elodia Tamayo Alfonso,nazaret75@example.com,+34 628 816 513
Cayetano Fortunato Llobet Garcia,toniacero@example.net,+34 986 633 522
Eligia Rico-Diaz,amadortrujillo@example.net,+34 923 720 452
Teodosio Acevedo Jódar,silviaguerra@example.org,+34 826 799 924
Quirino Linares,soniateruel@example.com,+34 923 096 700
Pánfilo Rosselló Verdejo,olivefortunato@example.org,+34 828 700 811
Mireia Vilalta,chitaborja@example.com,+34 902 509 334
Víctor Tejada Montero,caparrosfabian@example.com,+34 921 986 371
Azucena Codina Valbuena,canalsencarna@example.com,+34 841 057 348
Arturo Cueto Aragonés,planaiker@example.org,+34 976 327 662
Marita Manrique,quinteromarc@example.net,+34 826 149 467
Iván Lara Merino,lolivera@example.org,+34 985 314 051
Patricia Gabaldón,susana78@example.net,+34 806 934 621
Amparo Cadenas Anglada,yescalona@example.net,+34 738 328 157
Chucho Alba Mendoza,martinacarlos@example.org,+34 692 892 986
Narcisa del Viana,verdufortunata@example.com,+34 980 555 806
Pastora Bonilla Barba,asanmartin@example.org,+34 977 154 912
Hugo Donaire Calvet,hernandolupe@example.com,+34 848 476 788
